"name ","ref"
"Parroquia Huachamacare","res_country_state_municipalities_002"
"Parroquia Marawaka ","res_country_state_municipalities_002"
"Parroquia Mavaca","res_country_state_municipalities_002"
"Parroquia Sierra Parima ","res_country_state_municipalities_002"
"Parroquia Ucata ","res_country_state_municipalities_003"
"Parroquia Yapacana ","res_country_state_municipalities_003"
"Parroquia Caname ","res_country_state_municipalities_003"
"Parroquia Fernando Girón Tovar ","res_country_state_municipalities_004"
"Parroquia Luis Alberto Gómez ","res_country_state_municipalities_004"
"Parroquia Parhueña ","res_country_state_municipalities_004"
"Parroquia Platanillal ","res_country_state_municipalities_004"
"Parroquia Samariapo ","res_country_state_municipalities_005"
"Parroquia Sipapo","res_country_state_municipalities_005"
"Parroquia Munduapo","res_country_state_municipalities_005"
"Parroquia Guayapo ","res_country_state_municipalities_005"
"Parroquia Victorino","res_country_state_municipalities_007"
"Parroquia Comunidad ","res_country_state_municipalities_007"
"Parroquia Alto Ventuari ","res_country_state_municipalities_006"
"Parroquia Medio Ventuari","res_country_state_municipalities_006"
"Parroquia Bajo Ventuari ","res_country_state_municipalities_006"
"Parroquia Solano ","res_country_state_municipalities_008"
"Parroquia Casiquiare ","res_country_state_municipalities_008"
"Parroquia Cocuy","res_country_state_municipalities_008"
"Parroquia Capital Anaco ","res_country_state_municipalities_009"
"Parroquia San Joaquín","res_country_state_municipalities_009"
"Parroquia Capital Aragua ","res_country_state_municipalities_010"
"Parroquia Cachipo","res_country_state_municipalities_010"
"Parroquia Capital Fernando de Peñalver ","res_country_state_municipalities_024"
"Parroquia San Miguel","res_country_state_municipalities_024"
"Parroquia Sucre","res_country_state_municipalities_024"
"Parroquia Capital Francisco del Carmen Carvajal ","res_country_state_municipalities_014"
"Parroquia Santa Bárbara ","res_country_state_municipalities_014"
"Parroquia Capital Francisco de Miranda ","res_country_state_municipalities_022"
"Parroquia Atapirire","res_country_state_municipalities_022"
"Parroquia Boca del Pao","res_country_state_municipalities_022"
"Parroquia El Pao","res_country_state_municipalities_022"
"Parroquia Múcura ","res_country_state_municipalities_022"
"Parroquia Capital Guanta ","res_country_state_municipalities_018"
"Parroquia Chorrerón ","res_country_state_municipalities_018"
"Parroquia Capital Independencia ","res_country_state_municipalities_019"
"Parroquia Mamo","res_country_state_municipalities_019"
"Parroquia Capital Puerto La Cruz ","res_country_state_municipalities_029"
"Parroquia Pozuelos","res_country_state_municipalities_029"
"Parroquia Capital Juan Manuel Cajigal ","res_country_state_municipalities_013"
"Parroquia San Pablo","res_country_state_municipalities_013"
"Parroquia Capital José Gregorio Monagas ","res_country_state_municipalities_023"
"Parroquia Piar","res_country_state_municipalities_023"
"Parroquia San Diego de Cabrutica","res_country_state_municipalities_023"
"Parroquia Santa Clara","res_country_state_municipalities_023"
"Parroquia Uverito","res_country_state_municipalities_023"
"Parroquia Zuata","res_country_state_municipalities_023"
"Parroquia Capital Libertad ","res_country_state_municipalities_030"
"Parroquia El Carito","res_country_state_municipalities_030"
"Parroquia Santa Inés","res_country_state_municipalities_030"
"Parroquia Capital Manuel Ezequiel Bruzual ","res_country_state_municipalities_012"
"Parroquia Guanape","res_country_state_municipalities_012"
"Parroquia Sabana de Uchire","res_country_state_municipalities_012"
"Parroquia Capital Pedro María Freites ","res_country_state_municipalities_016"
"Parroquia Libertador","res_country_state_municipalities_016"
"Parroquia Santa Rosa","res_country_state_municipalities_016"
"Parroquia Urica","res_country_state_municipalities_016"
"Parroquia Capital Píritu  ","res_country_state_municipalities_025"
"Parroquia San Francisco ","res_country_state_municipalities_025"
"Parroquia Capital San Juan de Capistrano ","res_country_state_municipalities_026"
"Parroquia Boca de Chávez ","res_country_state_municipalities_026"
"Parroquia Capital Santa Ana  ","res_country_state_municipalities_027"
"Parroquia Pueblo Nuevo","res_country_state_municipalities_027"
"Parroquia El Carmen","res_country_state_municipalities_011"
"Parroquia San Cristóbal","res_country_state_municipalities_011"
"Parroquia Bergantín","res_country_state_municipalities_011"
"Parroquia Caigua","res_country_state_municipalities_011"
"Parroquia El Pilar","res_country_state_municipalities_011"
"Parroquia Naricual","res_country_state_municipalities_011"
"Parroquia Edmundo Barrios ","res_country_state_municipalities_028"
"Parroquia Miguel Otero Silva   ","res_country_state_municipalities_028"
"Parroquia Capital Sir Arthur Mc Gregor  ","res_country_state_municipalities_021"
"Parroquia Tomás Alfaro Calatrava  ","res_country_state_municipalities_021"
"Parroquia Capital Diego Bautista Urbaneja ","res_country_state_municipalities_015"
"Parroquia El Morro","res_country_state_municipalities_015"
"Parroquia Urbana Achaguas","res_country_state_municipalities_031"
"Parroquia Apurito","res_country_state_municipalities_031"
"Parroquia El Yagual","res_country_state_municipalities_031"
"Parroquia Guachara","res_country_state_municipalities_031"
"Parroquia Mucuritas","res_country_state_municipalities_031"
"Parroquia Queseras del Medio","res_country_state_municipalities_031"
"Parroquia Urbana Biruaca","res_country_state_municipalities_032"
"Parroquia Urbana Bruzual","res_country_state_municipalities_033"
"Parroquia Mantecal","res_country_state_municipalities_033"
"Parroquia Quintero","res_country_state_municipalities_033"
"Parroquia Rincón Hondo","res_country_state_municipalities_033"
"Parroquia San Vicente","res_country_state_municipalities_033"
"Parroquia Urbana Guasdualito","res_country_state_municipalities_034"
"Parroquia Aramendi","res_country_state_municipalities_034"
"Parroquia El Amparo","res_country_state_municipalities_034"
"Parroquia San Camilo","res_country_state_municipalities_034"
"Parroquia Urdaneta","res_country_state_municipalities_034"
"Parroquia Urbana San Juan de Payara","res_country_state_municipalities_035"
"Parroquia Codazzi","res_country_state_municipalities_035"
"Parroquia Cunaviche","res_country_state_municipalities_035"
"Parroquia Urbana Elorza","res_country_state_municipalities_036"
"Parroquia La Trinidad","res_country_state_municipalities_036"
"Parroquia Urbana San Fernando","res_country_state_municipalities_037"
"Parroquia El Recreo","res_country_state_municipalities_037"
"Parroquia Peñalver","res_country_state_municipalities_037"
"Parroquia San Rafael de Atamaica","res_country_state_municipalities_037"
"Parroquia Camatagua ","res_country_state_municipalities_039"
"Parroquia No Urbana Carmen de Cura","res_country_state_municipalities_039"
"Parroquia No Urbana Choroní ","res_country_state_municipalities_041"
"Parroquia Urbana Las Delicias ","res_country_state_municipalities_041"
"Parroquia Urbana Madre María de San José ","res_country_state_municipalities_041"
"Parroquia Urbana Joaquín Crespo ","res_country_state_municipalities_041"
"Parroquia Urbana Pedro José Ovalles","res_country_state_municipalities_041"
"Parroquia Urbana José Casanova Godoy","res_country_state_municipalities_041"
"Parroquia Urbana Andrés Eloy Blanco","res_country_state_municipalities_041"
"Parroquia Urbana Los Tacariguas ","res_country_state_municipalities_041"
"Parroquia José Félix Ribas ","res_country_state_municipalities_043"
"Parroquia Castor Nieves Ríos ","res_country_state_municipalities_043"
"Parroquia No Urbana Las Guacamayas","res_country_state_municipalities_043"
"Parroquia No Urbana Pao de Zárate","res_country_state_municipalities_043"
"Parroquia No Urbana Zuata","res_country_state_municipalities_043"
"Parroquia Libertador ","res_country_state_municipalities_045"
"Parroquia No Urbana San Martín de Porres ","res_country_state_municipalities_045"
"Parroquia Mario Briceño Iragorry ","res_country_state_municipalities_047"
"Parroquia Caña de Azúcar","res_country_state_municipalities_047"
"Parroquia San Casimiro ","res_country_state_municipalities_049"
"Parroquia No Urbana Güiripa","res_country_state_municipalities_049"
"Parroquia No Urbana Ollas de Caramacate","res_country_state_municipalities_049"
"Parroquia No Urbana Valle Morín","res_country_state_municipalities_049"
"Parroquia Santiago Mariño ","res_country_state_municipalities_051"
"Parroquia No Urbana Arévalo Aponte","res_country_state_municipalities_051"
"Parroquia No Urbana Chuao","res_country_state_municipalities_051"
"Parroquia No Urbana Samán de Güere","res_country_state_municipalities_051"
"Parroquia No Urbana Alfredo Pacheco Miranda","res_country_state_municipalities_051"
"Parroquia Santos Michelena ","res_country_state_municipalities_052"
"Parroquia No Urbana Tiara","res_country_state_municipalities_052"
"Parroquia Sucre ","res_country_state_municipalities_053"
"Parroquia No Urbana Bella Vista","res_country_state_municipalities_053"
"Parroquia Urdaneta ","res_country_state_municipalities_055"
"Parroquia No Urbana Las Peñitas","res_country_state_municipalities_055"
"Parroquia No Urbana San Francisco de Cara","res_country_state_municipalities_055"
"Parroquia No Urbana Taguay","res_country_state_municipalities_055"
"Parroquia Zamora ","res_country_state_municipalities_056"
"Parroquia No Urbana Magdaleno","res_country_state_municipalities_056"
"Parroquia No Urbana San Francisco de Asís","res_country_state_municipalities_056"
"Parroquia No Urbana Valles de Tucutunemo","res_country_state_municipalities_056"
"Parroquia No Urbana Augusto Mijares","res_country_state_municipalities_056"
"Parroquia Francisco Linares Alcántara ","res_country_state_municipalities_040"
"Parroquia No Urbana Francisco de Miranda ","res_country_state_municipalities_040"
"Parroquia No Urbana Monseñor Feliciano González ","res_country_state_municipalities_040"
"Parroquia Sabaneta","res_country_state_municipalities_057"
"Parroquia Rodríguez Domínguez","res_country_state_municipalities_057"
"Parroquia Ticoporo","res_country_state_municipalities_059"
"Parroquia Andrés Bello ","res_country_state_municipalities_059"
"Parroquia Nicolás Pulido","res_country_state_municipalities_059"
"Parroquia Arismendi","res_country_state_municipalities_060"
"Parroquia Guadarrama","res_country_state_municipalities_060"
"Parroquia La Unión","res_country_state_municipalities_060"
"Parroquia San Antonio","res_country_state_municipalities_060"
"Parroquia Barinas","res_country_state_municipalities_061"
"Parroquia Alfredo Arvelo Larriva","res_country_state_municipalities_061"
"Parroquia San Silvestre","res_country_state_municipalities_061"
"Parroquia Santa Inés","res_country_state_municipalities_061"
"Parroquia Santa Lucía","res_country_state_municipalities_061"
"Parroquia Torunos","res_country_state_municipalities_061"
"Parroquia El Carmen ","res_country_state_municipalities_061"
"Parroquia Rómulo Betancourt ","res_country_state_municipalities_061"
"Parroquia Corazón de Jesús ","res_country_state_municipalities_061"
"Parroquia Ramón Ignacio Méndez ","res_country_state_municipalities_061"
"Parroquia Alto Barinas ","res_country_state_municipalities_061"
"Parroquia Manuel Palacio Fajardo","res_country_state_municipalities_061"
"Parroquia Juan Antonio Rodríguez Domínguez ","res_country_state_municipalities_061"
"Parroquia Dominga Ortiz de Páez ","res_country_state_municipalities_061"
"Parroquia Barinitas","res_country_state_municipalities_062"
"Parroquia Altamira","res_country_state_municipalities_062"
"Parroquia Calderas","res_country_state_municipalities_062"
"Parroquia Barrancas","res_country_state_municipalities_063"
"Parroquia El Socorro","res_country_state_municipalities_063"
"Parroquia Masparrito ","res_country_state_municipalities_063"
"Parroquia Santa Bárbara","res_country_state_municipalities_064"
"Parroquia José Ignacio Del Pumar","res_country_state_municipalities_064"
"Parroquia Pedro Briceño Méndez","res_country_state_municipalities_064"
"Parroquia Ramón Ignacio Méndez","res_country_state_municipalities_064"
"Parroquia Obispos","res_country_state_municipalities_065"
"Parroquia El Real","res_country_state_municipalities_065"
"Parroquia La Luz","res_country_state_municipalities_065"
"Parroquia Los Guasimitos ","res_country_state_municipalities_065"
"Parroquia Ciudad Bolivia","res_country_state_municipalities_066"
"Parroquia Ignacio Briceño","res_country_state_municipalities_066"
"Parroquia José Félix Ribas ","res_country_state_municipalities_066"
"Parroquia Paez","res_country_state_municipalities_066"
"Parroquia Libertad","res_country_state_municipalities_067"
"Parroquia Dolores","res_country_state_municipalities_067"
"Parroquia Palacios Fajardo","res_country_state_municipalities_067"
"Parroquia Santa Rosa","res_country_state_municipalities_067"
"Parroquia Simón Rodríguez ","res_country_state_municipalities_067"
"Parroquia Ciudad de Nutrias","res_country_state_municipalities_068"
"Parroquia El Regalo","res_country_state_municipalities_068"
"Parroquia Puerto de Nutrias","res_country_state_municipalities_068"
"Parroquia Santa Catalina","res_country_state_municipalities_068"
"Parroquia Simón Bolívar ","res_country_state_municipalities_068"
"Parroquia El Cantón ","res_country_state_municipalities_058"
"Parroquia Santa Cruz de Guacas ","res_country_state_municipalities_058"
"Parroquia Puerto Vivas","res_country_state_municipalities_058"
"Parroquia Cachamay ","res_country_state_municipalities_069"
"Parroquia Chirica ","res_country_state_municipalities_069"
"Parroquia Dalla Costa ","res_country_state_municipalities_069"
"Parroquia Once de Abril ","res_country_state_municipalities_069"
"Parroquia Simón Bolívar","res_country_state_municipalities_069"
"Parroquia Unare ","res_country_state_municipalities_069"
"Parroquia Universidad ","res_country_state_municipalities_069"
"Parroquia Vista al Sol ","res_country_state_municipalities_069"
"Parroquia Pozo Verde ","res_country_state_municipalities_069"
"Parroquia Yocoima ","res_country_state_municipalities_069"
"Sección Capital Cedeño ","res_country_state_municipalities_070"
"Parroquia Altagracia ","res_country_state_municipalities_070"
"Parroquia Ascensión Farreras","res_country_state_municipalities_070"
"Parroquia Guaniamo ","res_country_state_municipalities_070"
"Parroquia La Urbana","res_country_state_municipalities_070"
"Parroquia Pijiguaos","res_country_state_municipalities_070"
"Sección Capital Gran Sabana ","res_country_state_municipalities_072"
"Parroquia Ikabarú ","res_country_state_municipalities_072"
"Parroquia Agua Salada ","res_country_state_municipalities_073"
"Parroquia Catedral","res_country_state_municipalities_073"
"Parroquia José Antonio Páez ","res_country_state_municipalities_073"
"Parroquia La Sabanita ","res_country_state_municipalities_073"
"Parroquia Marhuanta ","res_country_state_municipalities_073"
"Parroquia Vista Hermosa","res_country_state_municipalities_073"
"Parroquia Orinoco","res_country_state_municipalities_073"
"Parroquia Panapana","res_country_state_municipalities_073"
"Parroquia Zea ","res_country_state_municipalities_073"
"Sección Capital Piar ","res_country_state_municipalities_074"
"Parroquia Andrés Eloy Blanco","res_country_state_municipalities_074"
"Parroquia Pedro Cova","res_country_state_municipalities_074"
"Sección Capital Raúl Leoni ","res_country_state_municipalities_075"
"Parroquia Barceloneta","res_country_state_municipalities_075"
"Parroquia San Francisco","res_country_state_municipalities_075"
"Parroquia Santa Bárbara ","res_country_state_municipalities_075"
"Sección Capital Roscio ","res_country_state_municipalities_076"
"Parroquia Salom","res_country_state_municipalities_076"
"Sección Capital Sifontes ","res_country_state_municipalities_077"
"Parroquia Dalla Costa","res_country_state_municipalities_077"
"Parroquia San Isidro","res_country_state_municipalities_077"
"Sección Capital Sucre ","res_country_state_municipalities_078"
"Parroquia Aripao","res_country_state_municipalities_078"
"Parroquia Guarataro","res_country_state_municipalities_078"
"Parroquia Las Majadas","res_country_state_municipalities_078"
"Parroquia Moitaco","res_country_state_municipalities_078"
"Parroquia Urbana Bejuma","res_country_state_municipalities_080"
"Parroquia No Urbana Canoabo","res_country_state_municipalities_080"
"Parroquia No Urbana Simón Bolívar","res_country_state_municipalities_080"
"Parroquia Urbana Güigüe","res_country_state_municipalities_081"
"Parroquia No Urbana Belén","res_country_state_municipalities_081"
"Parroquia No Urbana Tacarigua","res_country_state_municipalities_081"
"Parroquia Urbana Aguas Calientes","res_country_state_municipalities_083"
"Parroquia Urbana Mariara","res_country_state_municipalities_083"
"Parroquia Urbana Ciudad Alianza","res_country_state_municipalities_082"
"Parroquia Urbana Guacara","res_country_state_municipalities_082"
"Parroquia No Urbana Yagua","res_country_state_municipalities_082"
"Parroquia Urbana Morón","res_country_state_municipalities_084"
"Parroquia No Urbana Urama","res_country_state_municipalities_084"
"Parroquia Urbana Tocuyito","res_country_state_municipalities_085"
"Parroquia Urbana Independencia","res_country_state_municipalities_085"
"Parroquia Urbana Los Guayos","res_country_state_municipalities_086"
"Parroquia Urbana Miranda","res_country_state_municipalities_088"
"Parroquia Urbana Montalbán","res_country_state_municipalities_089"
"Parroquia Urbana Naguanagua","res_country_state_municipalities_087"
"Parroquia Urbana Bartolomé Salom","res_country_state_municipalities_090"
"Parroquia Urbana Democracia","res_country_state_municipalities_090"
"Parroquia Urbana Fraternidad","res_country_state_municipalities_090"
"Parroquia Urbana Goaigoaza","res_country_state_municipalities_090"
"Parroquia Urbana Juan José Flores","res_country_state_municipalities_090"
"Parroquia Urbana Unión","res_country_state_municipalities_090"
"Parroquia No Urbana Borburata","res_country_state_municipalities_090"
"Parroquia No Urbana Patanemo","res_country_state_municipalities_090"
"Parroquia Urbana San Diego","res_country_state_municipalities_091"
"Parroquia Urbana San Joaquín","res_country_state_municipalities_092"
"Parroquia Urbana Candelaria","res_country_state_municipalities_093"
"Parroquia Urbana Catedral","res_country_state_municipalities_093"
"Parroquia Urbana El Socorro","res_country_state_municipalities_093"
"Parroquia Urbana Miguel Peña","res_country_state_municipalities_093"
"Parroquia Urbana Rafael Urdaneta","res_country_state_municipalities_093"
"Parroquia Urbana San Blas","res_country_state_municipalities_093"
"Parroquia Urbana San José","res_country_state_municipalities_093"
"Parroquia Urbana Santa Rosa","res_country_state_municipalities_093"
"Parroquia No Urbana Negro Primero","res_country_state_municipalities_093"
"Parroquia Cojedes","res_country_state_municipalities_094"
"Parroquia Juan de Mata Suárez","res_country_state_municipalities_094"
"Parroquia Tinaquillo","res_country_state_municipalities_095"
"Parroquia El Baúl","res_country_state_municipalities_046"
"Parroquia Sucre","res_country_state_municipalities_046"
"Parroquia Macapo ","res_country_state_municipalities_096"
"Parroquia La Aguadita ","res_country_state_municipalities_096"
"Parroquia El Pao","res_country_state_municipalities_097"
"Parroquia Libertad de Cojedes","res_country_state_municipalities_098"
"Parroquia El Amparo","res_country_state_municipalities_098"
"Parroquia Rómulo Gallegos","res_country_state_municipalities_099"
"Parroquia San Carlos de Austria","res_country_state_municipalities_100"
"Parroquia Juan Angel Bravo","res_country_state_municipalities_100"
"Parroquia Manuel Manrique","res_country_state_municipalities_100"
"Parroquia General en Jefe José Laurencio Silva ","res_country_state_municipalities_101"
"Parroquia Curiapo","res_country_state_municipalities_102"
"Parroquia Almirante Luis Brión","res_country_state_municipalities_102"
"Parroquia Francisco Aniceto Lugo ","res_country_state_municipalities_102"
"Parroquia Manuel Renaud ","res_country_state_municipalities_102"
"Parroquia Padre Barral ","res_country_state_municipalities_102"
"Parroquia Santos de Abelgas","res_country_state_municipalities_102"
"Parroquia Imataca ","res_country_state_municipalities_103"
"Parroquia Cinco de Julio ","res_country_state_municipalities_103"
"Parroquia Juan Bautista Arismendi","res_country_state_municipalities_103"
"Parroquia Manuel Piar","res_country_state_municipalities_103"
"Parroquia Rómulo Gallegos ","res_country_state_municipalities_103"
"Parroquia Pedernales","res_country_state_municipalities_104"
"Parroquia Luis Beltrán Prieto Figueroa","res_country_state_municipalities_104"
"Parroquia San José ","res_country_state_municipalities_105"
"Parroquia José Vidal Marcano","res_country_state_municipalities_105"
"Parroquia Juan Millán","res_country_state_municipalities_105"
"Parroquia Leonardo Ruíz Pineda","res_country_state_municipalities_105"
"Parroquia Mariscal Antonio José de Sucre","res_country_state_municipalities_105"
"Parroquia Monseñor Argimiro García","res_country_state_municipalities_105"
"Parroquia San Rafael ","res_country_state_municipalities_105"
"Parroquia Virgen del Valle","res_country_state_municipalities_105"
"Parroquia Altagracia","res_country_state_municipalities_001"
"Parroquia Antímano","res_country_state_municipalities_001"
"Parroquia Candelaria","res_country_state_municipalities_001"
"Parroquia Caricuao","res_country_state_municipalities_001"
"Parroquia Catedral","res_country_state_municipalities_001"
"Parroquia Coche ","res_country_state_municipalities_001"
"Parroquia El Junquito ","res_country_state_municipalities_001"
"Parroquia EL Paraíso","res_country_state_municipalities_001"
"Parroquia El Recreo","res_country_state_municipalities_001"
"Parroquia El Valle","res_country_state_municipalities_001"
"Parroquia La Pastora","res_country_state_municipalities_001"
"Parroquia La Vega","res_country_state_municipalities_001"
"Parroquia Macarao","res_country_state_municipalities_001"
"Parroquia San Agustín","res_country_state_municipalities_001"
"Parroquia San Bernardino","res_country_state_municipalities_001"
"Parroquia San José","res_country_state_municipalities_001"
"Parroquia San Juan","res_country_state_municipalities_001"
"Parroquia San Pedro","res_country_state_municipalities_001"
"Parroquia Santa Rosalía","res_country_state_municipalities_001"
"Parroquia Santa Teresa","res_country_state_municipalities_001"
"Parroquia Sucre","res_country_state_municipalities_001"
"Parroquia 23 de Enero","res_country_state_municipalities_001"
"Parroquia San Juan de los Cayos","res_country_state_municipalities_106"
"Parroquia Capadare","res_country_state_municipalities_106"
"Parroquia La Pastora","res_country_state_municipalities_106"
"Parroquia Libertador","res_country_state_municipalities_106"
"Parroquia San Luis","res_country_state_municipalities_107"
"Parroquia Aracua","res_country_state_municipalities_107"
"Parroquia La Peña ","res_country_state_municipalities_107"
"Parroquia Capatárida","res_country_state_municipalities_108"
"Parroquia Bariro","res_country_state_municipalities_108"
"Parroquia Borojó","res_country_state_municipalities_108"
"Parroquia Guajiro","res_country_state_municipalities_108"
"Parroquia Seque","res_country_state_municipalities_108"
"Parroquia Zazárida","res_country_state_municipalities_108"
"Parroquia Carirubana","res_country_state_municipalities_110"
"Parroquia Norte","res_country_state_municipalities_110"
"Parroquia Punta Cardón","res_country_state_municipalities_110"
"Parroquia Santa Ana","res_country_state_municipalities_110"
"Parroquia La Vela de Coro","res_country_state_municipalities_111"
"Parroquia Acurigua","res_country_state_municipalities_111"
"Parroquia Guaibacoa","res_country_state_municipalities_111"
"Parroquia Las Calderas","res_country_state_municipalities_111"
"Parroquia Macoruca","res_country_state_municipalities_111"
"Parroquia Pedregal","res_country_state_municipalities_113"
"Parroquia Agua Clara","res_country_state_municipalities_113"
"Parroquia Avaria","res_country_state_municipalities_113"
"Parroquia Piedra Grande","res_country_state_municipalities_113"
"Parroquia Purureche","res_country_state_municipalities_113"
"Parroquia Pueblo Nuevo","res_country_state_municipalities_114"
"Parroquia Adícora","res_country_state_municipalities_114"
"Parroquia Baraived","res_country_state_municipalities_114"
"Parroquia Buena Vista","res_country_state_municipalities_114"
"Parroquia Jadacaquiva","res_country_state_municipalities_114"
"Parroquia Moruy","res_country_state_municipalities_114"
"Parroquia Adaure","res_country_state_municipalities_114"
"Parroquia El Hato","res_country_state_municipalities_114"
"Parroquia El Vínculo","res_country_state_municipalities_114"
"Parroquia Churuguara","res_country_state_municipalities_115"
"Parroquia Agua Larga","res_country_state_municipalities_115"
"Parroquia El Paují ","res_country_state_municipalities_115"
"Parroquia Independencia","res_country_state_municipalities_115"
"Parroquia Mapararí","res_country_state_municipalities_115"
"Parroquia Jacura","res_country_state_municipalities_116"
"Parroquia Agua Linda","res_country_state_municipalities_116"
"Parroquia Araurima","res_country_state_municipalities_116"
"Parroquia Los Taques","res_country_state_municipalities_117"
"Parroquia Judibana","res_country_state_municipalities_117"
"Parroquia Mene de Mauroa","res_country_state_municipalities_118"
"Parroquia Casigua","res_country_state_municipalities_118"
"Parroquia San Félix","res_country_state_municipalities_118"
"Parroquia San Antonio","res_country_state_municipalities_119"
"Parroquia San Gabriel","res_country_state_municipalities_119"
"Parroquia Santa Ana","res_country_state_municipalities_119"
"Parroquia Guzmán Guillermo","res_country_state_municipalities_119"
"Parroquia Mitare","res_country_state_municipalities_119"
"Parroquia Río Seco","res_country_state_municipalities_119"
"Parroquia Sabaneta","res_country_state_municipalities_119"
"Parroquia Chichiriviche","res_country_state_municipalities_120"
"Parroquia Boca de Tocuyo","res_country_state_municipalities_120"
"Parroquia Tocuyo de la Costa","res_country_state_municipalities_120"
"Parroquia Cabure","res_country_state_municipalities_122"
"Parroquia Colina","res_country_state_municipalities_122"
"Parroquia Curimagua","res_country_state_municipalities_122"
"Parroquia Píritu","res_country_state_municipalities_123"
"Parroquia San José de la Costa","res_country_state_municipalities_123"
"Parroquia Tucacas","res_country_state_municipalities_125"
"Parroquia Boca de Aroa","res_country_state_municipalities_125"
"Parroquia Sucre","res_country_state_municipalities_126"
"Parroquia Pecaya","res_country_state_municipalities_126"
"Parroquia Santa Cruz de Bucaral","res_country_state_municipalities_128"
"Parroquia El Charal ","res_country_state_municipalities_128"
"Parroquia Las Vegas del Tuy ","res_country_state_municipalities_128"
"Parroquia Urumaco","res_country_state_municipalities_129"
"Parroquia Bruzual","res_country_state_municipalities_129"
"Parroquia Puerto Cumarebo","res_country_state_municipalities_130"
"Parroquia La Ciénaga","res_country_state_municipalities_130"
"Parroquia La Soledad","res_country_state_municipalities_130"
"Parroquia Pueblo Cumarebo","res_country_state_municipalities_130"
"Parroquia Zazárida","res_country_state_municipalities_130"
"Parroquia Capital Camaguán ","res_country_state_municipalities_131"
"Parroquia Puerto Miranda","res_country_state_municipalities_131"
"Parroquia Uverito ","res_country_state_municipalities_131"
"Parroquia Chaguaramas","res_country_state_municipalities_132"
"Parroquia El Socorro","res_country_state_municipalities_133"
"Parroquia Capital San Gerónimo de Guayabal ","res_country_state_municipalities_143"
"Parroquia Cazorla","res_country_state_municipalities_143"
"Parroquia Capital Valle de La Pascua ","res_country_state_municipalities_140"
"Parroquia Espino","res_country_state_municipalities_140"
"Parroquia Capital Las Mercedes ","res_country_state_municipalities_139"
"Parroquia Cabruta","res_country_state_municipalities_139"
"Parroquia Santa Rita de Manapire","res_country_state_municipalities_139"
"Parroquia Capital El Sombrero ","res_country_state_municipalities_138"
"Parroquia Sosa ","res_country_state_municipalities_138"
"Parroquia Capital Calabozo ","res_country_state_municipalities_134"
"Parroquia El Calvario","res_country_state_municipalities_134"
"Parroquia El Rastro","res_country_state_municipalities_134"
"Parroquia Guardatinajas","res_country_state_municipalities_134"
"Parroquia Capital Altagracia de Orituco ","res_country_state_municipalities_136"
"Parroquia Lezama","res_country_state_municipalities_136"
"Parroquia Libertad de Orituco","res_country_state_municipalities_136"
"Parroquia Paso Real de Macaira ","res_country_state_municipalities_136"
"Parroquia San Francisco de Macaira","res_country_state_municipalities_136"
"Parroquia San Rafael de Orituco","res_country_state_municipalities_136"
"Parroquia Soublette","res_country_state_municipalities_136"
"Parroquia Capital Ortiz ","res_country_state_municipalities_142"
"Parroquia San Francisco de Tiznado","res_country_state_municipalities_142"
"Parroquia San José de Tiznado","res_country_state_municipalities_142"
"Parroquia San Lorenzo de Tiznado ","res_country_state_municipalities_142"
"Parroquia Capital Tucupido ","res_country_state_municipalities_135"
"Parroquia San Rafael de Laya","res_country_state_municipalities_135"
"Parroquia Capital San Juan de Los Morros ","res_country_state_municipalities_137"
"Parroquia Cantagallo ","res_country_state_municipalities_137"
"Parroquia Parapara","res_country_state_municipalities_137"
"Parroquia San José de Guaribe","res_country_state_municipalities_144"
"Parroquia Capital Santa María de Ipire ","res_country_state_municipalities_145"
"Parroquia Altamira ","res_country_state_municipalities_145"
"Parroquia Capital Zaraza ","res_country_state_municipalities_141"
"Parroquia San José de Unare","res_country_state_municipalities_141"
"Parroquia Pío Tamayo","res_country_state_municipalities_146"
"Parroquia Quebrada Honda de Guache ","res_country_state_municipalities_146"
"Parroquia Yacambú","res_country_state_municipalities_146"
"Parroquia Fréitez","res_country_state_municipalities_147"
"Parroquia José María Blanco","res_country_state_municipalities_147"
"Parroquia Catedral","res_country_state_municipalities_148"
"Parroquia Concepción","res_country_state_municipalities_148"
"Parroquia El Cují","res_country_state_municipalities_148"
"Parroquia Juan de Villegas","res_country_state_municipalities_148"
"Parroquia Santa Rosa","res_country_state_municipalities_148"
"Parroquia Tamaca","res_country_state_municipalities_148"
"Parroquia Unión","res_country_state_municipalities_148"
"Parroquia Aguedo Felipe Alvarado","res_country_state_municipalities_148"
"Parroquia Buena Vista","res_country_state_municipalities_148"
"Parroquia Juárez","res_country_state_municipalities_148"
"Parroquia Juan Bautista Rodríguez","res_country_state_municipalities_149"
"Parroquia Cuara","res_country_state_municipalities_149"
"Parroquia Diego de Lozada","res_country_state_municipalities_149"
"Parroquia Paraíso de San José","res_country_state_municipalities_149"
"Parroquia San Miguel","res_country_state_municipalities_149"
"Parroquia Tintorero ","res_country_state_municipalities_149"
"Parroquia José Bernardo Dorante","res_country_state_municipalities_149"
"Parroquia Coronel Mariano Peraza ","res_country_state_municipalities_149"
"Parroquia Bolívar","res_country_state_municipalities_150"
"Parroquia Anzoátegui","res_country_state_municipalities_150"
"Parroquia Guarico","res_country_state_municipalities_150"
"Parroquia Hilario Luna y Luna","res_country_state_municipalities_150"
"Parroquia Humocaro Alto","res_country_state_municipalities_150"
"Parroquia Humocaro Bajo","res_country_state_municipalities_150"
"Parroquia La Candelaria","res_country_state_municipalities_150"
"Parroquia Morán","res_country_state_municipalities_150"
"Parroquia Cabudare","res_country_state_municipalities_151"
"Parroquia José Gregorio Bastidas","res_country_state_municipalities_151"
"Parroquia Agua Viva ","res_country_state_municipalities_151"
"Parroquia Sarare","res_country_state_municipalities_152"
"Parroquia Buría","res_country_state_municipalities_152"
"Parroquia Gustavo Vegas León","res_country_state_municipalities_152"
"Parroquia Trinidad Samuel","res_country_state_municipalities_153"
"Parroquia Antonio Díaz","res_country_state_municipalities_153"
"Parroquia Camacaro","res_country_state_municipalities_153"
"Parroquia Castañeda","res_country_state_municipalities_153"
"Parroquia Cecilio Zubillaga","res_country_state_municipalities_153"
"Parroquia Chiquinquirá","res_country_state_municipalities_153"
"Parroquia El Blanco","res_country_state_municipalities_153"
"Parroquia Espinoza de los Monteros","res_country_state_municipalities_153"
"Parroquia Lara","res_country_state_municipalities_153"
"Parroquia Las Mercedes","res_country_state_municipalities_153"
"Parroquia Manuel Morillo","res_country_state_municipalities_153"
"Parroquia Montaña Verde","res_country_state_municipalities_153"
"Parroquia Montes de Oca","res_country_state_municipalities_153"
"Parroquia Torres","res_country_state_municipalities_153"
"Parroquia Heriberto Arroyo ","res_country_state_municipalities_153"
"Parroquia Reyes Vargas","res_country_state_municipalities_153"
"Parroquia Altagracia ","res_country_state_municipalities_153"
"Parroquia Siquisique","res_country_state_municipalities_154"
"Parroquia Moroturo","res_country_state_municipalities_154"
"Parroquia San Miguel","res_country_state_municipalities_154"
"Parroquia Xaguas","res_country_state_municipalities_154"
"Parroquia Presidente Betancourt ","res_country_state_municipalities_155"
"Parroquia Presidente Páez  ","res_country_state_municipalities_155"
"Parroquia Presidente Rómulo Gallegos ","res_country_state_municipalities_155"
"Parroquia Gabriel Picón González","res_country_state_municipalities_155"
"Parroquia Héctor Amable Mora","res_country_state_municipalities_155"
"Parroquia José Nucete Sardi ","res_country_state_municipalities_155"
"Parroquia Pulido Méndez ","res_country_state_municipalities_155"
"Parroquia Capital Antonio Pinto Salinas  ","res_country_state_municipalities_157"
"Parroquia Mesa Bolívar","res_country_state_municipalities_157"
"Parroquia Mesa de Las Palmas","res_country_state_municipalities_157"
"Parroquia Capital Aricagua ","res_country_state_municipalities_158"
"Parroquia San Antonio ","res_country_state_municipalities_158"
"Parroquia Capital Arzobispo Chacón ","res_country_state_municipalities_159"
"Parroquia Capurí ","res_country_state_municipalities_159"
"Parroquia Chacantá ","res_country_state_municipalities_159"
"Parroquia El Molino ","res_country_state_municipalities_159"
"Parroquia Guaimaral ","res_country_state_municipalities_159"
"Parroquia Mucutuy","res_country_state_municipalities_159"
"Parroquia Mucuchachí","res_country_state_municipalities_159"
"Parroquia Fernández Peña ","res_country_state_municipalities_160"
"Parroquia Matriz","res_country_state_municipalities_160"
"Parroquia Montalbán","res_country_state_municipalities_160"
"Parroquia Acequias","res_country_state_municipalities_160"
"Parroquia Jají","res_country_state_municipalities_160"
"Parroquia La Mesa","res_country_state_municipalities_160"
"Parroquia San José del Sur","res_country_state_municipalities_160"
"Parroquia Capital Caracciolo Parra Olmedo ","res_country_state_municipalities_161"
"Parroquia Florencio Ramírez ","res_country_state_municipalities_161"
"Parroquia Capital Cardenal Quintero ","res_country_state_municipalities_162"
"Parroquia Las Piedras","res_country_state_municipalities_162"
"Parroquia Capital Guaraque ","res_country_state_municipalities_163"
"Parroquia Mesa de Quintero ","res_country_state_municipalities_163"
"Parroquia Río Negro ","res_country_state_municipalities_163"
"Parroquia Capital Julio César Salas ","res_country_state_municipalities_164"
"Parroquia Palmira ","res_country_state_municipalities_164"
"Parroquia Capital Justo Briceño ","res_country_state_municipalities_165"
"Parroquia San Cristóbal de Torondoy","res_country_state_municipalities_165"
"Parroquia Antonio Spinetti Dini ","res_country_state_municipalities_166"
"Parroquia Arias","res_country_state_municipalities_166"
"Parroquia Caracciolo Parra Pérez ","res_country_state_municipalities_166"
"Parroquia Domingo Peña ","res_country_state_municipalities_166"
"Parroquia El Llano","res_country_state_municipalities_166"
"Parroquia Gonzalo Picón Febres ","res_country_state_municipalities_166"
"Parroquia Jacinto Plaza ","res_country_state_municipalities_166"
"Parroquia Juan Rodríguez Suárez","res_country_state_municipalities_166"
"Parroquia Lasso de la Vega ","res_country_state_municipalities_166"
"Parroquia Mariano Picón Salas ","res_country_state_municipalities_166"
"Parroquia Milla","res_country_state_municipalities_166"
"Parroquia Osuna Rodríguez ","res_country_state_municipalities_166"
"Parroquia Sagrario","res_country_state_municipalities_166"
"Parroquia El Morro","res_country_state_municipalities_166"
"Parroquia Los Nevados ","res_country_state_municipalities_166"
"Parroquia Capital Miranda ","res_country_state_municipalities_167"
"Parroquia Andrés Eloy Blanco","res_country_state_municipalities_167"
"Parroquia La Venta","res_country_state_municipalities_167"
"Parroquia Piñango ","res_country_state_municipalities_167"
"Parroquia Capital Obispo Ramos de Lora ","res_country_state_municipalities_168"
"Parroquia Eloy Paredes","res_country_state_municipalities_168"
"Parroquia San Rafael de Alcázar ","res_country_state_municipalities_168"
"Parroquia Capital Rangel ","res_country_state_municipalities_171"
"Parroquia Cacute ","res_country_state_municipalities_171"
"Parroquia La Toma","res_country_state_municipalities_171"
"Parroquia Mucurubá","res_country_state_municipalities_171"
"Parroquia San Rafael","res_country_state_municipalities_171"
"Parroquia Capital Rivas Dávila ","res_country_state_municipalities_172"
"Parroquia Gerónimo Maldonado","res_country_state_municipalities_172"
"Parroquia Capital Sucre ","res_country_state_municipalities_174"
"Parroquia Chiguará","res_country_state_municipalities_174"
"Parroquia Estánquez","res_country_state_municipalities_174"
"Parroquia La Trampa","res_country_state_municipalities_174"
"Parroquia Pueblo Nuevo del Sur ","res_country_state_municipalities_174"
"Parroquia San Juan","res_country_state_municipalities_174"
"Parroquia El Amparo","res_country_state_municipalities_175"
"Parroquia El Llano","res_country_state_municipalities_175"
"Parroquia San Francisco","res_country_state_municipalities_175"
"Parroquia Tovar","res_country_state_municipalities_175"
"Parroquia Capital Tulio Febres Cordero ","res_country_state_municipalities_176"
"Parroquia Independencia","res_country_state_municipalities_176"
"Parroquia María de la Concepción Palacios Blanco","res_country_state_municipalities_176"
"Parroquia Santa Apolonia","res_country_state_municipalities_176"
"Parroquia Capital Zea ","res_country_state_municipalities_177"
"Parroquia Caño El Tigre ","res_country_state_municipalities_177"
"Parroquia Caucagua","res_country_state_municipalities_178"
"Parroquia Aragüita","res_country_state_municipalities_178"
"Parroquia Arévalo González","res_country_state_municipalities_178"
"Parroquia Capaya","res_country_state_municipalities_178"
"Parroquia El Café","res_country_state_municipalities_178"
"Parroquia Marizapa","res_country_state_municipalities_178"
"Parroquia Panaquire","res_country_state_municipalities_178"
"Parroquia Ribas","res_country_state_municipalities_178"
"Parroquia San José de Barlovento","res_country_state_municipalities_179"
"Parroquia Cumbo","res_country_state_municipalities_179"
"Parroquia Baruta","res_country_state_municipalities_180"
"Parroquia El Cafetal","res_country_state_municipalities_180"
"Parroquia Las Minas de Baruta","res_country_state_municipalities_180"
"Parroquia Higuerote","res_country_state_municipalities_181"
"Parroquia Curiepe","res_country_state_municipalities_181"
"Parroquia Tacarigua","res_country_state_municipalities_181"
"Parroquia Mamporal","res_country_state_municipalities_182"
"Parroquia Carrizal","res_country_state_municipalities_183"
"Parroquia Chacao","res_country_state_municipalities_184"
"Parroquia Charallave","res_country_state_municipalities_185"
"Parroquia Las Brisas ","res_country_state_municipalities_185"
"Parroquia El Hatillo","res_country_state_municipalities_186"
"Parroquia Los Teques","res_country_state_municipalities_187"
"Parroquia Altagracia de La Montaña ","res_country_state_municipalities_187"
"Parroquia Cecilio Acosta","res_country_state_municipalities_187"
"Parroquia El Jarillo ","res_country_state_municipalities_187"
"Parroquia Paracotos","res_country_state_municipalities_187"
"Parroquia San Pedro","res_country_state_municipalities_187"
"Parroquia Tácata","res_country_state_municipalities_187"
"Parroquia Santa Teresa del Tuy","res_country_state_municipalities_188"
"Parroquia El Cartanal/","res_country_state_municipalities_188"
"Parroquia Ocumare del Tuy","res_country_state_municipalities_189"
"Parroquia La Democracia","res_country_state_municipalities_189"
"Parroquia Santa Bárbara","res_country_state_municipalities_189"
"Parroquia San Antonio de Los Altos","res_country_state_municipalities_190"
"Parroquia Río Chico","res_country_state_municipalities_191"
"Parroquia El Guapo","res_country_state_municipalities_191"
"Parroquia Tacarigua de La Laguna","res_country_state_municipalities_191"
"Parroquia Paparo ","res_country_state_municipalities_191"
"Parroquia San Fernando del Guapo","res_country_state_municipalities_191"
"Parroquia Santa Lucía","res_country_state_municipalities_192"
"Parroquia Cúpira","res_country_state_municipalities_193"
"Parroquia Machurucuto","res_country_state_municipalities_193"
"Parroquia Guarenas","res_country_state_municipalities_194"
"Parroquia San Francisco de Yare","res_country_state_municipalities_195"
"Parroquia San Antonio de Yare","res_country_state_municipalities_195"
"Parroquia Petare","res_country_state_municipalities_196"
"Parroquia Caucagüita","res_country_state_municipalities_196"
"Parroquia Fila de Mariches","res_country_state_municipalities_196"
"Parroquia La Dolorita","res_country_state_municipalities_196"
"Parroquia Leoncio Martínez","res_country_state_municipalities_196"
"Parroquia Cúa","res_country_state_municipalities_197"
"Parroquia Nueva Cúa ","res_country_state_municipalities_197"
"Parroquia Guatire","res_country_state_municipalities_198"
"Parroquia Bolívar","res_country_state_municipalities_198"
"Parroquia Capital Acosta  ","res_country_state_municipalities_201"
"Parroquia San Francisco","res_country_state_municipalities_201"
"Parroquia Capital Caripe ","res_country_state_municipalities_204"
"Parroquia El Guácharo","res_country_state_municipalities_204"
"Parroquia La Guanota","res_country_state_municipalities_204"
"Parroquia Sabana de Piedra","res_country_state_municipalities_204"
"Parroquia San Agustín","res_country_state_municipalities_204"
"Parroquia Teresén","res_country_state_municipalities_204"
"Parroquia Capital Cedeño ","res_country_state_municipalities_205"
"Parroquia Areo","res_country_state_municipalities_205"
"Parroquia San Félix","res_country_state_municipalities_205"
"Parroquia Viento Fresco","res_country_state_municipalities_205"
"Parroquia Capital Ezequiel Zamora ","res_country_state_municipalities_206"
"Parroquia El Tejero","res_country_state_municipalities_206"
"Parroquia Capital Libertador ","res_country_state_municipalities_207"
"Parroquia Chaguaramas","res_country_state_municipalities_207"
"Parroquia Las Alhuacas","res_country_state_municipalities_207"
"Parroquia Tabasca","res_country_state_municipalities_207"
"Parroquia Capital Maturín ","res_country_state_municipalities_208"
"Parroquia Alto de los Godos","res_country_state_municipalities_208"
"Parroquia Boquerón","res_country_state_municipalities_208"
"Parroquia Las Cocuizas","res_country_state_municipalities_208"
"Parroquia San Simón","res_country_state_municipalities_208"
"Parroquia Santa Cruz","res_country_state_municipalities_208"
"Parroquia El Corozo","res_country_state_municipalities_208"
"Parroquia El Furrial","res_country_state_municipalities_208"
"Parroquia Jusepín","res_country_state_municipalities_208"
"Parroquia La Pica","res_country_state_municipalities_208"
"Parroquia San Vicente","res_country_state_municipalities_208"
"Parroquia Capital Piar ","res_country_state_municipalities_209"
"Parroquia Aparicio","res_country_state_municipalities_209"
"Parroquia Chaguaramal","res_country_state_municipalities_209"
"Parroquia El Pinto","res_country_state_municipalities_209"
"Parroquia Guanaguana","res_country_state_municipalities_209"
"Parroquia La Toscana","res_country_state_municipalities_209"
"Parroquia Taguaya","res_country_state_municipalities_209"
"Parroquia Capital Punceres ","res_country_state_municipalities_210"
"Parroquia Cachipo","res_country_state_municipalities_210"
"Parroquia Capital Sotillo ","res_country_state_municipalities_212"
"Parroquia Los Barrancos de Fajardo","res_country_state_municipalities_212"
"Parroquia Capital Díaz ","res_country_state_municipalities_216"
"Parroquia Zabala","res_country_state_municipalities_216"
"Parroquia Capital García ","res_country_state_municipalities_217"
"Parroquia Francisco Fajardo","res_country_state_municipalities_217"
"Parroquia Capital Gómez ","res_country_state_municipalities_218"
"Parroquia Bolívar","res_country_state_municipalities_218"
"Parroquia Guevara","res_country_state_municipalities_218"
"Parroquia Matasiete","res_country_state_municipalities_218"
"Parroquia Sucre","res_country_state_municipalities_218"
"Parroquia Capital Maneiro ","res_country_state_municipalities_219"
"Parroquia Aguirre","res_country_state_municipalities_219"
"Parroquia Capital Marcano ","res_country_state_municipalities_220"
"Parroquia Adrián","res_country_state_municipalities_220"
"Parroquia Capital Península de Macanao ","res_country_state_municipalities_222"
"Parroquia San Francisco","res_country_state_municipalities_222"
"Parroquia Capital Tubores ","res_country_state_municipalities_223"
"Parroquia Los Barales","res_country_state_municipalities_223"
"Parroquia Capital Villalba ","res_country_state_municipalities_224"
"Parroquia Vicente Fuentes","res_country_state_municipalities_224"
"Parroquia Capital Araure ","res_country_state_municipalities_226"
"Parroquia Río Acarigua","res_country_state_municipalities_226"
"Parroquia Capital Esteller ","res_country_state_municipalities_227"
"Parroquia Uveral","res_country_state_municipalities_227"
"Parroquia Capital Guanare ","res_country_state_municipalities_228"
"Parroquia Córdoba","res_country_state_municipalities_228"
"Parroquia San José de la Montaña","res_country_state_municipalities_228"
"Parroquia San Juan de Guanaguanare","res_country_state_municipalities_228"
"Parroquia Virgen de la Coromoto","res_country_state_municipalities_228"
"Parroquia Capital Guanarito ","res_country_state_municipalities_229"
"Parroquia Trinidad de la Capilla","res_country_state_municipalities_229"
"Parroquia Divina Pastora","res_country_state_municipalities_229"
"Parroquia Capital Mons.José Vicente de Unda ","res_country_state_municipalities_230"
"Parroquia Peña Blanca ","res_country_state_municipalities_230"
"Parroquia Capital Ospino ","res_country_state_municipalities_231"
"Parroquia Aparición","res_country_state_municipalities_231"
"Parroquia La Estación","res_country_state_municipalities_231"
"Parroquia Capital Páez ","res_country_state_municipalities_232"
"Parroquia Payara","res_country_state_municipalities_232"
"Parroquia Pimpinela","res_country_state_municipalities_232"
"Parroquia Ramón Peraza ","res_country_state_municipalities_232"
"Parroquia Capital Papelón ","res_country_state_municipalities_233"
"Parroquia Caño Delgadito","res_country_state_municipalities_233"
"Parroquia Capital San Genaro de Boconoito ","res_country_state_municipalities_234"
"Parroquia Antolín Tovar","res_country_state_municipalities_234"
"Parroquia Capital San Rafael de Onoto ","res_country_state_municipalities_235"
"Parroquia Santa Fe ","res_country_state_municipalities_235"
"Parroquia Thermo Morles ","res_country_state_municipalities_235"
"Parroquia Capital Santa Rosalía ","res_country_state_municipalities_236"
"Parroquia Florida","res_country_state_municipalities_236"
"Parroquia Capital Sucre ","res_country_state_municipalities_237"
"Parroquia Concepción","res_country_state_municipalities_237"
"Parroquia San Rafael de Palo Alzado","res_country_state_municipalities_237"
"Parroquia Uvencio Antonio Velásquez","res_country_state_municipalities_237"
"Parroquia San José de Saguaz ","res_country_state_municipalities_237"
"Parroquia Villa Rosa","res_country_state_municipalities_237"
"Parroquia Capital Turén ","res_country_state_municipalities_238"
"Parroquia Canelones","res_country_state_municipalities_238"
"Parroquia Santa Cruz","res_country_state_municipalities_238"
"Parroquia San Isidro Labrador","res_country_state_municipalities_238"
"Parroquia Mariño","res_country_state_municipalities_239"
"Parroquia Rómulo Gallegos","res_country_state_municipalities_239"
"Parroquia San José de Aerocuar","res_country_state_municipalities_240"
"Parroquia Tavera Acosta","res_country_state_municipalities_240"
"Parroquia Río Caribe","res_country_state_municipalities_241"
"Parroquia Antonio José de Sucre","res_country_state_municipalities_241"
"Parroquia El Morro de Puerto Santo","res_country_state_municipalities_241"
"Parroquia Puerto Santo","res_country_state_municipalities_241"
"Parroquia San Juan de Las Galdonas","res_country_state_municipalities_241"
"Parroquia El Pilar","res_country_state_municipalities_242"
"Parroquia El Rincón","res_country_state_municipalities_242"
"Parroquia General Francisco Antonio Vásquez","res_country_state_municipalities_242"
"Parroquia Guaraúnos","res_country_state_municipalities_242"
"Parroquia Tunapuicito","res_country_state_municipalities_242"
"Parroquia Unión","res_country_state_municipalities_242"
"Parroquia Bolívar ","res_country_state_municipalities_243"
"Parroquia Macarapana","res_country_state_municipalities_243"
"Parroquia Santa Catalina","res_country_state_municipalities_243"
"Parroquia Santa Rosa","res_country_state_municipalities_243"
"Parroquia Santa Teresa","res_country_state_municipalities_243"
"Parroquia Yaguaraparo","res_country_state_municipalities_244"
"Parroquia El Paujil","res_country_state_municipalities_244"
"Parroquia Libertad","res_country_state_municipalities_244"
"Parroquia Araya","res_country_state_municipalities_245"
"Parroquia Chacopata","res_country_state_municipalities_245"
"Parroquia Manicuare","res_country_state_municipalities_245"
"Parroquia Tunapuy","res_country_state_municipalities_246"
"Parroquia Campo Elías","res_country_state_municipalities_246"
"Parroquia Irapa","res_country_state_municipalities_247"
"Parroquia Campo Claro","res_country_state_municipalities_247"
"Parroquia Marabal","res_country_state_municipalities_247"
"Parroquia San Antonio de Irapa","res_country_state_municipalities_247"
"Parroquia Soro","res_country_state_municipalities_247"
"Parroquia Cumanacoa","res_country_state_municipalities_249"
"Parroquia Arenas","res_country_state_municipalities_249"
"Parroquia Aricagua","res_country_state_municipalities_249"
"Parroquia Cocollar","res_country_state_municipalities_249"
"Parroquia San Fernando","res_country_state_municipalities_249"
"Parroquia San Lorenzo","res_country_state_municipalities_249"
"Parroquia Villa Frontado (Muelle de Cariaco)","res_country_state_municipalities_250"
"Parroquia Catuaro","res_country_state_municipalities_250"
"Parroquia Rendón","res_country_state_municipalities_250"
"Parroquia Santa Cruz","res_country_state_municipalities_250"
"Parroquia Santa María","res_country_state_municipalities_250"
"Parroquia Altagracia","res_country_state_municipalities_251"
"Parroquia Ayacucho","res_country_state_municipalities_251"
"Parroquia Santa Inés","res_country_state_municipalities_251"
"Parroquia Valentín Valiente","res_country_state_municipalities_251"
"Parroquia San Juan","res_country_state_municipalities_251"
"Parroquia Raúl Leoni","res_country_state_municipalities_251"
"Parroquia Gran Mariscal  ","res_country_state_municipalities_251"
"Parroquia Güiria","res_country_state_municipalities_252"
"Parroquia Bideau","res_country_state_municipalities_252"
"Parroquia Cristóbal Colón","res_country_state_municipalities_252"
"Parroquia Punta de Piedras","res_country_state_municipalities_252"
"Parroquia Ayacucho ","res_country_state_municipalities_256"
"Parroquia Rivas Berti","res_country_state_municipalities_256"
"Parroquia San Pedro del Río","res_country_state_municipalities_256"
"Parroquia Bolívar ","res_country_state_municipalities_257"
"Parroquia Palotal","res_country_state_municipalities_257"
"Parroquia Juan Vicente Gómez ","res_country_state_municipalities_257"
"Parroquia Isaías Medina Angarita","res_country_state_municipalities_257"
"Parroquia Cárdenas ","res_country_state_municipalities_258"
"Parroquia Amenodoro Rangel Lamús","res_country_state_municipalities_258"
"Parroquia La Florida","res_country_state_municipalities_258"
"Parroquia Fernández Feo ","res_country_state_municipalities_260"
"Parroquia Alberto Adriani","res_country_state_municipalities_260"
"Parroquia Santo Domingo","res_country_state_municipalities_260"
"Parroquia García de Hevia ","res_country_state_municipalities_262"
"Parroquia Boca de Grita","res_country_state_municipalities_262"
"Parroquia José Antonio Páez","res_country_state_municipalities_262"
"Parroquia Independencia ","res_country_state_municipalities_265"
"Parroquia Juan Germán Roscio","res_country_state_municipalities_265"
"Parroquia Román Cárdenas","res_country_state_municipalities_265"
"Parroquia Jáuregui ","res_country_state_municipalities_266"
"Parroquia Emilio Constantino Guerrero","res_country_state_municipalities_266"
"Parroquia Monseñor Miguel Antonio Salas ","res_country_state_municipalities_266"
"Parroquia Junín ","res_country_state_municipalities_267"
"Parroquia La Petrólea","res_country_state_municipalities_267"
"Parroquia Quinimarí ","res_country_state_municipalities_267"
"Parroquia Bramón","res_country_state_municipalities_267"
"Parroquia Libertad ","res_country_state_municipalities_268"
"Parroquia Cipriano Castro","res_country_state_municipalities_268"
"Parroquia Manuel Felipe Rugeles ","res_country_state_municipalities_268"
"Parroquia Libertador ","res_country_state_municipalities_269"
"Parroquia Don Emeterio Ochoa ","res_country_state_municipalities_269"
"Parroquia Doradas","res_country_state_municipalities_269"
"Parroquia San Joaquín de Navay","res_country_state_municipalities_269"
"Parroquia Lobatera ","res_country_state_municipalities_270"
"Parroquia Constitución","res_country_state_municipalities_270"
"Parroquia Panamericano ","res_country_state_municipalities_282"
"Parroquia La Palmita","res_country_state_municipalities_282"
"Parroquia Pedro María Ureña ","res_country_state_municipalities_272"
"Parroquia Nueva Arcadia","res_country_state_municipalities_272"
"Parroquia Samuel Darío Maldonado ","res_country_state_municipalities_274"
"Parroquia Boconó","res_country_state_municipalities_274"
"Parroquia Hernández","res_country_state_municipalities_274"
"Parroquia La Concordia","res_country_state_municipalities_275"
"Parroquia Pedro María Morantes","res_country_state_municipalities_275"
"Parroquia San Juan Bautista","res_country_state_municipalities_275"
"Parroquia San Sebastián","res_country_state_municipalities_275"
"Parroquia Dr. Francisco Romero Lobo","res_country_state_municipalities_275"
"Parroquia Sucre","res_country_state_municipalities_278"
"Parroquia Eleazar López Contreras","res_country_state_municipalities_278"
"Parroquia San Pablo","res_country_state_municipalities_278"
"Parroquia  Uribante ","res_country_state_municipalities_280"
"Parroquia Cárdenas","res_country_state_municipalities_280"
"Parroquia Juan Pablo Peñaloza ","res_country_state_municipalities_280"
"Parroquia Potosí","res_country_state_municipalities_280"
"Parroquia Santa Isabel ","res_country_state_municipalities_301"
"Parroquia Araguaney ","res_country_state_municipalities_301"
"Parroquia El Jagüito","res_country_state_municipalities_301"
"Parroquia La Esperanza ","res_country_state_municipalities_301"
"Parroquia Boconó","res_country_state_municipalities_302"
"Parroquia El Carmen","res_country_state_municipalities_302"
"Parroquia Mosquey","res_country_state_municipalities_302"
"Parroquia Ayacucho","res_country_state_municipalities_302"
"Parroquia Burbusay","res_country_state_municipalities_302"
"Parroquia General Rivas","res_country_state_municipalities_302"
"Parroquia Guaramacal","res_country_state_municipalities_302"
"Parroquia Vega de Guaramacal ","res_country_state_municipalities_302"
"Parroquia Monseñor Jáuregui","res_country_state_municipalities_302"
"Parroquia Rafael Rangel","res_country_state_municipalities_302"
"Parroquia San Miguel","res_country_state_municipalities_302"
"Parroquia San José","res_country_state_municipalities_302"
"Parroquia Sabana Grande","res_country_state_municipalities_303"
"Parroquia Cheregüé ","res_country_state_municipalities_303"
"Parroquia Granados","res_country_state_municipalities_303"
"Parroquia Chejendé","res_country_state_municipalities_304"
"Parroquia Arnoldo Gabaldón","res_country_state_municipalities_304"
"Parroquia Bolivia","res_country_state_municipalities_304"
"Parroquia Carrillo","res_country_state_municipalities_304"
"Parroquia Cegarra","res_country_state_municipalities_304"
"Parroquia Manuel Salvador Ulloa","res_country_state_municipalities_304"
"Parroquia San José","res_country_state_municipalities_304"
"Parroquia Carache","res_country_state_municipalities_305"
"Parroquia Cuicas","res_country_state_municipalities_305"
"Parroquia La Concepción","res_country_state_municipalities_305"
"Parroquia Panamericana ","res_country_state_municipalities_305"
"Parroquia Santa Cruz","res_country_state_municipalities_305"
"Parroquia Escuque","res_country_state_municipalities_306"
"Parroquia La Unión","res_country_state_municipalities_306"
"Parroquia Sabana Libre","res_country_state_municipalities_306"
"Parroquia Santa Rita","res_country_state_municipalities_306"
"Parroquia El Socorro ","res_country_state_municipalities_307"
"Parroquia Antonio José de Sucre ","res_country_state_municipalities_307"
"Parroquia Los Caprichos","res_country_state_municipalities_307"
"Parroquia Campo Elías ","res_country_state_municipalities_308"
"Parroquia Arnoldo Gabaldón","res_country_state_municipalities_308"
"Parroquia Santa Apolonia ","res_country_state_municipalities_309"
"Parroquia El Progreso  ","res_country_state_municipalities_309"
"Parroquia La Ceiba  ","res_country_state_municipalities_309"
"Parroquia Tres de Febrero  ","res_country_state_municipalities_309"
"Parroquia El Dividive","res_country_state_municipalities_310"
"Parroquia Agua Santa","res_country_state_municipalities_310"
"Parroquia Agua Caliente","res_country_state_municipalities_310"
"Parroquia El Cenizo","res_country_state_municipalities_310"
"Parroquia Valerita ","res_country_state_municipalities_310"
"Parroquia Monte Carmelo","res_country_state_municipalities_311"
"Parroquia Buena Vista","res_country_state_municipalities_311"
"Parroquia Santa María del Horcón ","res_country_state_municipalities_311"
"Parroquia Motatán","res_country_state_municipalities_312"
"Parroquia El Baño","res_country_state_municipalities_312"
"Parroquia Jalisco","res_country_state_municipalities_312"
"Parroquia Pampán","res_country_state_municipalities_313"
"Parroquia Flor de Patria","res_country_state_municipalities_313"
"Parroquia La Paz","res_country_state_municipalities_313"
"Parroquia Santa Ana","res_country_state_municipalities_313"
"Parroquia Pampanito","res_country_state_municipalities_314"
"Parroquia La Concepción ","res_country_state_municipalities_314"
"Parroquia Pampanito II ","res_country_state_municipalities_314"
"Parroquia Betijoque","res_country_state_municipalities_315"
"Parroquia La Pueblita","res_country_state_municipalities_315"
"Parroquia Los Cedros ","res_country_state_municipalities_315"
"Parroquia José Gregorio Hernández","res_country_state_municipalities_315"
"Parroquia Carvajal","res_country_state_municipalities_316"
"Parroquia Antonio Nicolás Briceño","res_country_state_municipalities_316"
"Parroquia Campo Alegre ","res_country_state_municipalities_316"
"Parroquia José Leonardo Suárez","res_country_state_municipalities_316"
"Parroquia Sabana de Mendoza","res_country_state_municipalities_317"
"Parroquia El Paraíso","res_country_state_municipalities_317"
"Parroquia Junín","res_country_state_municipalities_317"
"Parroquia Valmore Rodríguez","res_country_state_municipalities_317"
"Parroquia Andrés Linares","res_country_state_municipalities_318"
"Parroquia Chiquinquirá","res_country_state_municipalities_318"
"Parroquia Cristóbal Mendoza","res_country_state_municipalities_318"
"Parroquia Cruz Carrillo","res_country_state_municipalities_318"
"Parroquia Matriz","res_country_state_municipalities_318"
"Parroquia Monseñor Carrillo","res_country_state_municipalities_318"
"Parroquia Tres Esquinas","res_country_state_municipalities_318"
"Parroquia La Quebrada","res_country_state_municipalities_319"
"Parroquia Cabimbú","res_country_state_municipalities_319"
"Parroquia Jajó","res_country_state_municipalities_319"
"Parroquia La Mesa","res_country_state_municipalities_319"
"Parroquia Santiago","res_country_state_municipalities_319"
"Parroquia Tuñame","res_country_state_municipalities_319"
"Parroquia Juan Ignacio Montilla","res_country_state_municipalities_320"
"Parroquia La Beatriz","res_country_state_municipalities_320"
"Parroquia Mercedes Díaz","res_country_state_municipalities_320"
"Parroquia San Luis","res_country_state_municipalities_320"
"Parroquia La Puerta","res_country_state_municipalities_320"
"Parroquia Mendoza","res_country_state_municipalities_320"
"Parroquia Caraballeda","res_country_state_municipalities_200"
"Parroquia Carayaca","res_country_state_municipalities_200"
"Parroquia Caruao","res_country_state_municipalities_200"
"Parroquia Catia La Mar","res_country_state_municipalities_200"
"Parroquia El Junko","res_country_state_municipalities_200"
"Parroquia La Guaira","res_country_state_municipalities_200"
"Parroquia Macuto","res_country_state_municipalities_200"
"Parroquia Maiquetía","res_country_state_municipalities_200"
"Parroquia Naiguatá","res_country_state_municipalities_200"
"Parroquia Urimare ","res_country_state_municipalities_200"
"Parroquia Carlos Soublette ","res_country_state_municipalities_200"
"Parroquia Capital Bruzual ","res_country_state_municipalities_403"
"Parroquia Campo Elías","res_country_state_municipalities_403"
"Parroquia Capital Nirgua ","res_country_state_municipalities_409"
"Parroquia Salom","res_country_state_municipalities_409"
"Parroquia Temerla","res_country_state_municipalities_409"
"Parroquia Capital Peña ","res_country_state_municipalities_410"
"Parroquia San Andrés","res_country_state_municipalities_410"
"Parroquia Capital San Felipe ","res_country_state_municipalities_411"
"Parroquia Albarico","res_country_state_municipalities_411"
"Parroquia San Javier","res_country_state_municipalities_411"
"Parroquia Capital Veroes ","res_country_state_municipalities_414"
"Parroquia El Guayabo","res_country_state_municipalities_414"
"Parroquia Isla de Toas","res_country_state_municipalities_501"
"Parroquia Monagas","res_country_state_municipalities_501"
"Parroquia San Timoteo","res_country_state_municipalities_502"
"Parroquia General Urdaneta","res_country_state_municipalities_502"
"Parroquia Libertador","res_country_state_municipalities_502"
"Parroquia Manuel Guanipa Matos","res_country_state_municipalities_502"
"Parroquia Marcelino Briceño","res_country_state_municipalities_502"
"Parroquia Pueblo Nuevo ","res_country_state_municipalities_502"
"Parroquia Ambrosio","res_country_state_municipalities_503"
"Parroquia Carmen Herrera","res_country_state_municipalities_503"
"Parroquia Germán Ríos Linares","res_country_state_municipalities_503"
"Parroquia La Rosa","res_country_state_municipalities_503"
"Parroquia Jorge Hernández","res_country_state_municipalities_503"
"Parroquia Rómulo Betancourt ","res_country_state_municipalities_503"
"Parroquia San Benito ","res_country_state_municipalities_503"
"Parroquia Arístides Calvani ","res_country_state_municipalities_503"
"Parroquia Punta Gorda","res_country_state_municipalities_503"
"Parroquia Encontrados","res_country_state_municipalities_522"
"Parroquia Udón Pérez","res_country_state_municipalities_522"
"Parroquia San Carlos del Zulia","res_country_state_municipalities_504"
"Parroquia Moralito","res_country_state_municipalities_504"
"Parroquia Santa Bárbara","res_country_state_municipalities_504"
"Parroquia Santa Cruz del Zulia","res_country_state_municipalities_504"
"Parroquia Urribarri","res_country_state_municipalities_504"
"Parroquia Simón Rodríguez","res_country_state_municipalities_505"
"Parroquia Carlos Quevedo","res_country_state_municipalities_505"
"Parroquia Francisco Javier Pulgar ","res_country_state_municipalities_505"
"Parroquia La Concepción","res_country_state_municipalities_506"
"Parroquia José Ramón Yepes","res_country_state_municipalities_506"
"Parroquia Mariano Parra León ","res_country_state_municipalities_506"
"Parroquia San José ","res_country_state_municipalities_506"
"Parroquia Jesús María Semprún ","res_country_state_municipalities_507"
"Parroquia Barí ","res_country_state_municipalities_507"
"Parroquia Concepción","res_country_state_municipalities_508"
"Parroquia Andrés Bello","res_country_state_municipalities_508"
"Parroquia Chiquinquirá","res_country_state_municipalities_508"
"Parroquia El Carmelo","res_country_state_municipalities_508"
"Parroquia Potreritos","res_country_state_municipalities_508"
"Parroquia Alonso de Ojeda","res_country_state_municipalities_509"
"Parroquia Libertad","res_country_state_municipalities_509"
"Parroquia Campo Lara","res_country_state_municipalities_509"
"Parroquia Eleazar López Contreras","res_country_state_municipalities_509"
"Parroquia Venezuela","res_country_state_municipalities_509"
"Parroquia Libertad","res_country_state_municipalities_510"
"Parroquia Bartolomé de las Casas","res_country_state_municipalities_510"
"Parroquia Río Negro ","res_country_state_municipalities_510"
"Parroquia San José de Perijá","res_country_state_municipalities_510"
"Parroquia San Rafael","res_country_state_municipalities_511"
"Parroquia La Sierrita","res_country_state_municipalities_511"
"Parroquia Las Parcelas ","res_country_state_municipalities_511"
"Parroquia Luis de Vicente","res_country_state_municipalities_511"
"Parroquia Monseñor Marcos Sergio Godoy","res_country_state_municipalities_511"
"Parroquia Ricaurte","res_country_state_municipalities_511"
"Parroquia Tamare ","res_country_state_municipalities_511"
"Parroquia Antonio Borjas Romero","res_country_state_municipalities_512"
"Parroquia Bolívar","res_country_state_municipalities_512"
"Parroquia Cacique Mara","res_country_state_municipalities_512"
"Parroquia Caracciolo Parra Pérez","res_country_state_municipalities_512"
"Parroquia Cecilio Acosta","res_country_state_municipalities_512"
"Parroquia Cristo de Aranza","res_country_state_municipalities_512"
"Parroquia Coquivacoa","res_country_state_municipalities_512"
"Parroquia Chiquinquirá","res_country_state_municipalities_512"
"Parroquia Francisco Eugenio Bustamante","res_country_state_municipalities_512"
"Parroquia Idelfonso Vásquez","res_country_state_municipalities_512"
"Parroquia Juana de Avila","res_country_state_municipalities_512"
"Parroquia Luis Hurtado Higuera","res_country_state_municipalities_512"
"Parroquia Manuel Dagnino","res_country_state_municipalities_512"
"Parroquia Olegario Villalobos","res_country_state_municipalities_512"
"Parroquia Raúl Leoni","res_country_state_municipalities_512"
"Parroquia Santa Lucía","res_country_state_municipalities_512"
"Parroquia Venancio Pulgar","res_country_state_municipalities_512"
"Parroquia San Isidro","res_country_state_municipalities_512"
"Parroquia Altagracia","res_country_state_municipalities_513"
"Parroquia Ana María Campos","res_country_state_municipalities_513"
"Parroquia Faría","res_country_state_municipalities_513"
"Parroquia San Antonio","res_country_state_municipalities_513"
"Parroquia San José","res_country_state_municipalities_513"
"Parroquia Sinamaica","res_country_state_municipalities_514"
"Parroquia Alta Guajira ","res_country_state_municipalities_514"
"Parroquia Elías Sánchez Rubio","res_country_state_municipalities_514"
"Parroquia Guajira","res_country_state_municipalities_514"
"Parroquia El Rosario","res_country_state_municipalities_515"
"Parroquia Donaldo García","res_country_state_municipalities_515"
"Parroquia Sixto Zambrano","res_country_state_municipalities_515"
"Parroquia San Francisco","res_country_state_municipalities_517"
"Parroquia El Bajo/","res_country_state_municipalities_517"
"Parroquia Domitila Flores","res_country_state_municipalities_517"
"Parroquia Francisco Ochoa","res_country_state_municipalities_517"
"Parroquia Los Cortijos ","res_country_state_municipalities_517"
"Parroquia Marcial Hernández","res_country_state_municipalities_517"
"Parroquia Jose Domingo Rus ","res_country_state_municipalities_517"
"Parroquia Santa Rita","res_country_state_municipalities_518"
"Parroquia El Mene","res_country_state_municipalities_518"
"Parroquia José Cenovio Urribarri ","res_country_state_municipalities_518"
"Parroquia Pedro Lucas Urribarri","res_country_state_municipalities_518"
"Parroquia Manuel Manrique ","res_country_state_municipalities_519"
"Parroquia Rafael María Baralt ","res_country_state_municipalities_519"
"Parroquia Rafael Urdaneta","res_country_state_municipalities_519"
"Parroquia Bobures","res_country_state_municipalities_520"
"Parroquia El Batey ","res_country_state_municipalities_520"
"Parroquia Gibraltar","res_country_state_municipalities_520"
"Parroquia Heras","res_country_state_municipalities_520"
"Parroquia Monseñor Arturo Celestino Alvarez","res_country_state_municipalities_520"
"Parroquia Rómulo Gallegos","res_country_state_municipalities_520"
"Parroquia La Victoria","res_country_state_municipalities_521"
"Parroquia Rafael Urdaneta ","res_country_state_municipalities_521"
"Parroquia Raúl Cuenca","res_country_state_municipalities_521"
